PLAYER_ID,FG_K_1,FG_K_2,FG_K_3,FG_K_4,FG_K_5,FG_K_6,FG_K_7,FG_K_8,FG_K_9,FG_K_10,FG_K_11,FG_K_12
708,0.5,0.413043478,0.642857143,0.666666667,0.333333333,0, , , , , , 
951,0.467741935,0.507692308,0.458333333,0.222222222,0, , , , , , , 
959,0.407407407,0.2,1,0, , , , , , , , 
965,0.357142857,0.323529412,0.625,0.666666667,0, , , , , , , 
977,0.65,0.181818182,0, , , , , , , , , 
979,0.580645161,0.625,0.611111111,0.444444444,0.666666667,1,0, , , , , 
1495,0.574018127,0.614285714,0.5625,0.56,0.272727273,0, , , , , , 
1497,0.142857143,0, , , , , , , , , , 
1536,0.2,0, , , , , , , , , , 
1712,0.476190476,0.428571429,0, , , , , , , , , 
1713,0.411067194,0.341463415,0.260869565,0.2,0, , , , , , , 
1717,0.589098532,0.588785047,0.627659574,0.642857143,0.454545455,0.714285714,0.5,1,0, , , 
1718,0.518672199,0.589473684,0.577777778,0.789473684,0.727272727,0.8,0.333333333,0, , , , 
1733,0.431034483,0.272727273,0.75,0.5,0, , , , , , , 
1737,0.222222222,0.25,0, , , , , , , , , 
1740,0.358024691,0.631578947,0.2,0, , , , , , , , 
1882,0.62601626,0.431034483,0.285714286,0.4,1,0, , , , , , 
1889,0.551282051,0.59375,0.615384615,0.333333333,0, , , , , , , 
1890,0.5703125,0.552631579,0.673913043,0.608695652,0.6,0.5,0, , , , , 
1891,0.594594595,0.352941176,0.2,0, , , , , , , , 
1897,0.357142857,0.142857143,1,0, , , , , , , , 
1905,0.563636364,0.409090909,0, , , , , , , , , 
1938,0.458515284,0.512820513,0.433333333,0.272727273,0.5,0, , , , , , 
2030,0.5,0.5,0.428571429,0.5,0, , , , , , , 
2034,0.540880503,0.515625,0.423076923,0.571428571,0, , , , , , , 
2037,0.455974843,0.481132075,0.285714286,0.3,0.5,0, , , , , , 
2045,0.235294118,0, , , , , , , , , , 
2199,0.662068966,0.704225352,0.714285714,0.588235294,0.222222222,1,0, , , , , 
2200,0.54723127,0.456692913,0.395348837,0.133333333,0, , , , , , , 
2203,0.474358974,0.344827586,0.25,0, , , , , , , , 
2207,0.525222552,0.537313433,0.527272727,0.5,0.777777778,1,0.333333333,0, , , , 
2210,0.482142857,0.4875,0.35483871,0.333333333,0.5,0, , , , , , 
2215,0.2,1,0, , , , , , , , , 
2216,0.532066508,0.536144578,0.455882353,0.384615385,0.625,0.75,1,1,0, , , 
2222,0.4,0.37037037,0.111111111,0, , , , , , , , 
2223,0.633986928,0.554054054,0.580645161,0.615384615,0.428571429,1,1,0, , , , 
2224,0, , , , , , , , , , , 
2225,0.558739255,0.62,0.727272727,0.6,0.5,0.6,0, , , , , 
2229,0.25,0, , , , , , , , , , 
2248,0, , , , , , , , , , , 
2365,0.669230769,0.677419355,0.515151515,0.666666667,0.5,0.5,0, , , , , 
2399,0.479674797,0.395833333,0.551724138,0.583333333,0.6,0.5,0, , , , , 
2400,0.549019608,0.619047619,0.666666667,0.5,0, , , , , , , 
2403,0.625,0.601851852,0.673469388,0.739130435,0.538461538,0.75,0, , , , , 
2405,0.656387665,0.645454545,0.592592593,0.652173913,0.545454545,0.4,1,0, , , , 
2406,0.446540881,0.344827586,0.4375,0.6,0.5,0, , , , , , 
2408,0.5,0, , , , , , , , , , 
2419,0.483443709,0.436363636,0.333333333,0, , , , , , , , 
2422,0.403508772,0.333333333,0.181818182,1,0, , , , , , , 
2427,0.227272727,0.5,1,0, , , , , , , , 
2430,0.549848943,0.528169014,0.660377358,0.481481481,0.454545455,1,0.5,0, , , , 
2440,0.477272727,0.492307692,0.5,0.636363636,0.833333333,1,1,1,1,0, , 
2446,0.317073171,0.3,0, , , , , , , , , 
2449,0.494791667,0.416666667,0.291666667,0.166666667,0, , , , , , , 
2457,0.487804878,0.642857143,0.5,0, , , , , , , , 
2501,0.381818182,0.294117647,0.25,0, , , , , , , , 
2544,0.692585895,0.670212766,0.637681159,0.578125,0.481481481,0.3,0, , , , , 
2546,0.583184258,0.618257261,0.587155963,0.452830189,0.722222222,0.7,1,0.333333333,0, , , 
2547,0.645945946,0.674157303,0.655555556,0.659090909,0.666666667,0.545454545,0.75,0.5,0, , , 
2548,0.698996656,0.633986928,0.539473684,0.666666667,0.692307692,0.285714286,0, , , , , 
2549,0.615384615,0.672413793,0.566666667,0.571428571,0.833333333,1,0.5,0, , , , 
2550,0.46961326,0.432835821,0.55,0.222222222,0, , , , , , , 
2555,0.520408163,0.384615385,0.25,0, , , , , , , , 
2557,0.354166667,0.333333333,0.285714286,0, , , , , , , , 
2561,0.615384615,0.572327044,0.626865672,0.5625,0.615384615,0.428571429,1,1,0, , , 
2564,0.592105263,0.616161616,0.555555556,0.473684211,0.428571429,0.5,0, , , , , 
2566,0.454545455,0.388888889,0.5,0.25,0, , , , , , , 
2570,0.3,0.235294118,0, , , , , , , , , 
2571,0.431818182,0.5,0.333333333,1,0, , , , , , , 
2581,0.41,0.242424242,0, , , , , , , , , 
2584,0.379746835,0.304347826,0, , , , , , , , , 
2585,0.464285714,0.487179487,0.428571429,0.2,0, , , , , , , 
2586,0.5,0, , , , , , , , , , 
2588,0.351851852,0.176470588,0.5,0, , , , , , , , 
2590,0.483568075,0.525,0.612903226,0.533333333,0.8,0.333333333,0, , , , , 
2592,0.545454545,0.5,0, , , , , , , , , 
2594,0.590243902,0.527472527,0.5,0.375,1,0.666666667,1,0, , , , 
2617,0.537037037,0.458333333,0.666666667,1,1,0, , , , , , 
2694,1,0, , , , , , , , , , 
2730,0.709497207,0.712820513,0.754716981,0.810344828,0.714285714,0.684210526,0.7,0.8,0.666666667,1,0, 
2732,0.151515152,0.5,1,0, , , , , , , , 
2733,0.554913295,0.561643836,0.620689655,0.4,0.6,1,1,0, , , , 
2734,0.352112676,0.19047619,0, , , , , , , , , 
2736,0.520446097,0.359649123,0.483870968,0.416666667,0.666666667,0, , , , , , 
2738,0.539877301,0.52238806,0.56,0.363636364,0.333333333,0, , , , , , 
2740,0, , , , , , , , , , , 
2743,0.514450867,0.449275362,0.423076923,0.75,1,0, , , , , , 
2744,0.596899225,0.620689655,0.62962963,0.680851064,0.47826087,0.222222222,0, , , , , 
2746,0.541450777,0.540880503,0.553846154,0.555555556,0.545454545,0.5,0, , , , , 
2747,0.5,0.535087719,0.533333333,0.470588235,0.142857143,0, , , , , , 
2748,0.359550562,0.4,0.375,0.5,0, , , , , , , 
2749,0.433035714,0.453333333,0.444444444,0.555555556,0.666666667,0, , , , , , 
2754,0.577181208,0.507692308,0.48,0.4,1,0, , , , , , 
2755,0.507598784,0.507936508,0.511111111,0.210526316,0, , , , , , , 
2756,1,0, , , , , , , , , , 
2757,0.483333333,0.47826087,0.714285714,0.25,0, , , , , , , 
2760,0.523809524,0.462686567,0.434782609,0.25,0, , , , , , , 
2772,0.571428571,0.524193548,0.490196078,0.578947368,0.555555556,0.75,1,1,0, , , 
101106,0.711656442,0.642857143,0.536585366,0.6,0.285714286,0, , , , , , 
101107,0.554913295,0.513157895,0.703703704,0.466666667,0.6,0.5,0, , , , , 
101108,0.553398058,0.576923077,0.586206897,0.68,0.666666667,0.6,0, , , , , 
101109,0.440217391,0.419354839,0.35,0.166666667,0, , , , , , , 
101110,0.433862434,0.318181818,0.294117647,0.25,0, , , , , , , 
101111,0.233333333,0.333333333,1,0, , , , , , , , 
101112,0.507936508,0.448979592,0.388888889,0.6,0.5,0, , , , , , 
101114,0.533057851,0.520833333,0.414634146,0.571428571,0.833333333,0.75,1,1,0, , , 
101115,0.529411765,0.444444444,0.3,0.5,0, , , , , , , 
101122,0.436781609,0.366666667,0.3,1,1,0, , , , , , 
101123,0.539156627,0.572519084,0.490909091,0.318181818,0.333333333,1,0, , , , , 
101126,0.630630631,0.407407407,0.352941176,0.2,0, , , , , , , 
101127,0.516587678,0.413793103,0.518518519,0.5,0.25,0, , , , , , 
101128,0.366666667,0.4,0.25,0, , , , , , , , 
101131,0.432432432,0.545454545,0.2,0, , , , , , , , 
101133,0.373333333,0.6,0.5,0, , , , , , , , 
101135,0.619047619,0.67816092,0.666666667,0.627906977,0.571428571,0.666666667,0.75,0.5,0, , , 
101138,0.590733591,0.570175439,0.509803922,0.666666667,0.5,0, , , , , , 
101139,0.540740741,0.563636364,0.541666667,0.6,0.6,1,1,0, , , , 
101141,0.48,0.462686567,0.583333333,0.636363636,0.8,0.666666667,1,0, , , , 
101142,0.612244898,0.75,0.416666667,0.666666667,0, , , , , , , 
101145,0.564516129,0.581521739,0.597402597,0.432432432,0.583333333,0.5,1,1,0, , , 
101150,0.427631579,0.48,0.5,0.428571429,0.5,0, , , , , , 
101154,0.523012552,0.647727273,0.454545455,0.4375,0.5,1,1,0, , , , 
101155,0, , , , , , , , , , , 
101161,0.670682731,0.669421488,0.555555556,0.62962963,0.9,0.285714286,0, , , , , 
101162,0.664652568,0.662650602,0.717948718,0.571428571,0.588235294,0.333333333,1,1,0, , , 
101179,0.12,0, , , , , , , , , , 
101181,0.540983607,0.411764706,0.352941176,0.5,0, , , , , , , 
101183,0.166666667,0, , , , , , , , , , 
101187,0.479166667,0.444444444,0.473684211,0.571428571,0.666666667,1,0, , , , , 
101198,0.514492754,0.471698113,0.368421053,0.166666667,0, , , , , , , 
101236,0.266666667,0.333333333,0, , , , , , , , , 
101249,0.352941176,0.538461538,0.4,0, , , , , , , , 
200745,0.479532164,0.542372881,0.375,0.125,0, , , , , , , 
200746,0.580168776,0.580952381,0.606382979,0.69047619,0.7,0.454545455,0.666666667,0, , , , 
200751,0.462406015,0.412371134,0.4375,0.5,0.8,1,1,1,0, , , 
200752,0.612565445,0.569832402,0.602564103,0.696969697,0.529411765,0.428571429,0.5,0, , , , 
200755,0.638461538,0.5,0.619047619,0.181818182,0, , , , , , , 
200756,0.285714286,0, , , , , , , , , , 
200757,0.4,0.371428571,0.363636364,0.666666667,1,0, , , , , , 
200758,0, , , , , , , , , , , 
200761,0.310344828,0.384615385,0, , , , , , , , , 
200765,0.509090909,0.595238095,0.6875,0.222222222,0, , , , , , , 
200768,0.52265861,0.477941176,0.595744681,0.476190476,0.375,0.5,0, , , , , 
200769,0.25,0.25,0, , , , , , , , , 
200770,0.518181818,0.431818182,0.4,0.5,0, , , , , , , 
200777,0.258064516,0.307692308,0.333333333,0, , , , , , , , 
200779,0.446808511,0.571428571,0.142857143,0, , , , , , , , 
200780,0.2,0, , , , , , , , , , 
200782,0.47029703,0.549295775,0.5,0.6,0.2,0, , , , , , 
200794,0.587743733,0.6,0.633802817,0.588235294,0.5625,0.833333333,0.5,1,0, , , 
200797,0.5,0.235294118,0.666666667,1,0, , , , , , , 
200811,0.333333333,0, , , , , , , , , , 
200826,0.45959596,0.493150685,0.692307692,0.571428571,0.666666667,0.666666667,1,0, , , , 
200839,0.454545455,0.428571429,0, , , , , , , , , 
201141,0.473684211,0.125,0, , , , , , , , , 
201142,0.621004566,0.719869707,0.714285714,0.779069767,0.622641509,0.826086957,0.75,0.285714286,0, , , 
201143,0.7,0.578313253,0.513513514,0.533333333,0.571428571,1,1,1,0, , , 
201144,0.598837209,0.592105263,0.529411765,0.5,0.545454545,0.75,0.5,0, , , , 
201145,0.483240223,0.454545455,0.395833333,0.466666667,0.6,0.5,0, , , , , 
201147,0.545454545,0.5,0.466666667,0.466666667,0.166666667,0, , , , , , 
201148,0.746835443,0.682926829,0.434782609,0.666666667,0.555555556,1,1,1,1,0, , 
201149,0.597122302,0.551181102,0.58490566,0.608695652,0.545454545,0.75,0.5,0, , , , 
201150,0.518151815,0.537815126,0.509803922,0.684210526,0.6,0.6,1,1,0, , , 
201152,0.569739953,0.461538462,0.373134328,0.4,0.5,0.5,0, , , , , 
201155,0.552816901,0.58974359,0.568627451,0.523809524,0.375,0, , , , , , 
201156,0.527972028,0.423728814,0.425,0.466666667,1,1,0.5,0, , , , 
201158,0.56,0.514018692,0.523809524,0.529411765,0.5,1,1,1,0, , , 
201160,0.45631068,0.527777778,0.615384615,0.285714286,1,0, , , , , , 
201162,0.414473684,0.384615385,0.642857143,0.5,0, , , , , , , 
201163,0.472103004,0.512195122,0.451612903,0.25,0.5,0, , , , , , 
201166,0.438888889,0.467741935,0.52173913,0.75,0.4,1,0, , , , , 
201167,0.514044944,0.566176471,0.508474576,0.545454545,0.4,0.666666667,1,0, , , , 
201168,0.592307692,0.49122807,0.380952381,0.142857143,0, , , , , , , 
201171,0.52173913,0.444444444,0.333333333,0, , , , , , , , 
201175,0.502463054,0.493670886,0.571428571,0.384615385,0.5,1,0, , , , , 
201177,0.437837838,0.40625,0.473684211,0.285714286,0, , , , , , , 
201188,0.591269841,0.623853211,0.549019608,0.55,0.375,0, , , , , , 
201189,0.25,0, , , , , , , , , , 
201196,0.528455285,0.484848485,0.459459459,0.5,0.2,0, , , , , , 
201202,0.090909091,0, , , , , , , , , , 
201228,0.550458716,0.510638298,0.611111111,0.714285714,0.25,0, , , , , , 
201229,0.489795918,0.514285714,0.384615385,0, , , , , , , , 
201563,0.538461538,0.480769231,0.368421053,0.166666667,0, , , , , , , 
201564,0.52173913,0.439393939,0.523809524,0.333333333,0.5,0, , , , , , 
201565,0.421052632,0.230769231,0, , , , , , , , , 
201566,0.451851852,0.484536082,0.611111111,0.733333333,0.444444444,0.666666667,1,0, , , , 
201567,0.567567568,0.603960396,0.542553191,0.621621622,0.529411765,0.428571429,0.5,0, , , , 
201569,0.561068702,0.527777778,0.428571429,0.1875,0.5,0, , , , , , 
201571,0.488789238,0.457831325,0.387096774,0.5,0.75,1,1,0, , , , 
201572,0.59047619,0.791666667,0.827586207,0.75,1,0.875,0.8,1,0, , , 
201573,0.5,0.479452055,0.538461538,0.5,0.25,0, , , , , , 
201574,0.568306011,0.573333333,0.466666667,0.076923077,0, , , , , , , 
201575,0.28,0.4,0, , , , , , , , , 
201576,0.392156863,0.3125,0.25,0, , , , , , , , 
201577,0.673151751,0.611111111,0.535714286,0.375,0.428571429,0.5,0, , , , , 
201578,0.483221477,0.473684211,0.631578947,0.4,0.666666667,1,0, , , , , 
201579,0.536,0.574257426,0.581395349,0.625,0.111111111,0, , , , , , 
201580,0.4,1,0.666666667,1,0, , , , , , , 
201581,0.696202532,0.595041322,0.49122807,0.619047619,0.6,0.75,0.5,0, , , , 
201582,0.680412371,0.586956522,0.304347826,0.5,1,1,0, , , , , 
201583,0.5,0.428571429,0.266666667,0.333333333,0, , , , , , , 
201584,0.574660633,0.574468085,0.538461538,0.4,0, , , , , , , 
201585,0.570588235,0.555555556,0.517241379,0.363636364,0, , , , , , , 
201586,0.664041995,0.582474227,0.65060241,0.6,0.5,0.666666667,1,1,1,1,1,0
201587,0.545774648,0.512820513,0.511627907,0.294117647,0, , , , , , , 
201588,0.52020202,0.423076923,0.307692308,0.142857143,0, , , , , , , 
201589,0.448818898,0.5,0.5,0.714285714,1,0.5,0, , , , , 
201593,0.643109541,0.713178295,0.565217391,0.592592593,0.285714286,0.666666667,1,0, , , , 
201596,0.518324607,0.513888889,0.357142857,0.111111111,0, , , , , , , 
201599,0.763779528,0.732394366,0.65,0.736842105,0.777777778,0.363636364,0.333333333,0, , , , 
201600,0.493333333,0.407407407,0.1,0, , , , , , , , 
201601,0.53968254,0.392857143,0.714285714,0.25,0, , , , , , , 
201604,0.392857143,0.423076923,0.571428571,0, , , , , , , , 
201609,0.596199525,0.621761658,0.681318681,0.717391304,0.739130435,0.538461538,0.6,0.5,0, , , 
201627,0.527777778,0.493333333,0.62962963,0.5,1,0.333333333,0, , , , , 
201785,0.5,0, , , , , , , , , , 
201858,0.458823529,0.419354839,0.555555556,0.25,0, , , , , , , 
201880,0.421052632,0.611111111,0.625,0.666666667,0, , , , , , , 
201933,0.629422719,0.618677043,0.65,0.696428571,0.548387097,0.692307692,0.833333333,0.666666667,0, , , 
201934,0.272727273,0.5,0, , , , , , , , , 
201935,0.518248175,0.525641026,0.396825397,0.3,0.2,0, , , , , , 
201936,0.522648084,0.54954955,0.468085106,0.5,0.333333333,0, , , , , , 
201937,0.460732984,0.385714286,0.45,0.285714286,0, , , , , , , 
201939,0.594827586,0.553921569,0.476744186,0.4375,0.416666667,0.75,1,1,0, , , 
201941,0.589861751,0.621052632,0.590909091,0.523809524,0.75,0.75,0.5,0, , , , 
201942,0.519650655,0.577142857,0.487179487,0.517241379,0.6,0.2,0, , , , , 
201943,0.469453376,0.398230088,0.342857143,0.181818182,1,0, , , , , , 
201945,0.503424658,0.434782609,0.514285714,0.1875,0.5,0, , , , , , 
201946,0.464788732,0.52,0.5,0.5,1,0, , , , , , 
201947,0.432432432,0.346153846,0.428571429,0.5,0, , , , , , , 
201948,0.526315789,0.833333333,0.25,0, , , , , , , , 
201949,0.524752475,0.302325581,0.3,0, , , , , , , , 
201950,0.503267974,0.526315789,0.454545455,0.25,0, , , , , , , 
201951,0.5256917,0.436893204,0.441176471,0.363636364,0, , , , , , , 
201952,0.513595166,0.5,0.510204082,0.529411765,0.125,0, , , , , , 
201953,0.333333333,0.666666667,0.333333333,0, , , , , , , , 
201954,0.570212766,0.519230769,0.571428571,0.631578947,0.777777778,1,0.333333333,0, , , , 
201956,0.440298507,0.47826087,0.6,0.285714286,0, , , , , , , 
201957,0.566037736,0.416666667,0.571428571,0.333333333,0, , , , , , , 
201959,0.578778135,0.529411765,0.509090909,0.55,0.333333333,0.5,0, , , , , 
201960,0.595454545,0.568627451,0.725,0.47826087,0.714285714,0.25,0, , , , , 
201961,0.340909091,0.333333333,0.333333333,0, , , , , , , , 
201962,0.362068966,0.375,0.2,0, , , , , , , , 
201964,0.333333333,1,0.5,0, , , , , , , , 
201965,0.493506494,0.555555556,0.363636364,0, , , , , , , , 
201967,0.497206704,0.507692308,0.333333333,0.5,0, , , , , , , 
201971,0.636363636,0.597222222,0.515151515,0.583333333,0.4,0, , , , , , 
201973,0.445945946,0.36,0.125,0, , , , , , , , 
201975,0.572368421,0.616,0.474576271,0.454545455,0.5,0.666666667,1,0, , , , 
201976,0.476190476,0.375,0.4375,0.4,0, , , , , , , 
201977,0.459016393,0.376811594,0.523809524,0.666666667,1,1,0, , , , , 
201978,0.2875,0.25,0.5,1,0, , , , , , , 
201979,0.429906542,0.282051282,0.444444444,0.666666667,1,0, , , , , , 
201980,0.536585366,0.52173913,0.708333333,0.333333333,1,0.5,0, , , , , 
201985,0.25,0, , , , , , , , , , 
201986,0.42,0.466666667,0.166666667,0, , , , , , , , 
201988,0.547008547,0.593406593,0.386363636,0.538461538,0.75,0, , , , , , 
202066,0.155555556,0.166666667,0, , , , , , , , , 
202083,0.539877301,0.443609023,0.372093023,0, , , , , , , , 
202087,0.407894737,0.346153846,0.8,0, , , , , , , , 
202091,0.210526316,0.333333333,0, , , , , , , , , 
202130,0.666666667,0, , , , , , , , , , 
202197,0, , , , , , , , , , , 
202322,0.557919622,0.538461538,0.602739726,0.575757576,0.571428571,0.6,0, , , , , 
202323,0.552795031,0.559701493,0.563636364,0.44,0.555555556,1,0.5,0, , , , 
202324,0.595744681,0.515873016,0.469387755,0.388888889,0.4,0, , , , , , 
202325,0.44549763,0.507042254,0.481481481,0.444444444,0, , , , , , , 
202326,0.638554217,0.587064677,0.627906977,0.523809524,0.714285714,0.222222222,1,0, , , , 
202327,0.319148936,0.5,0, , , , , , , , , 
202328,0.580052493,0.597560976,0.585714286,0.419354839,0.3,0, , , , , , 
202329,0.556213018,0.410958904,0.375,0.428571429,0.5,0, , , , , , 
202330,0.496932515,0.508196721,0.44,0.666666667,0.375,0.5,0, , , , , 
202331,0.520383693,0.481707317,0.4,0.6,0.75,0.5,0, , , , , 
202332,0.48,0.714285714,0, , , , , , , , , 
202333,0.551401869,0.534883721,0.411764706,0.166666667,0, , , , , , , 
202334,0.550847458,0.595744681,0.476190476,0.375,0.5,0, , , , , , 
202335,0.5,0.590163934,0.5,0.272727273,0.5,0, , , , , , 
202336,0.660377358,0.642857143,0.785714286,0.875,0.8,1,0, , , , , 
202337,0.634146341,0.35,0.166666667,0, , , , , , , , 
202338,0.464285714,0.433333333,0.4,0.333333333,0, , , , , , , 
202339,0.577889447,0.634146341,0.463414634,0.615384615,0.333333333,0, , , , , , 
202340,0.541516245,0.58974359,0.679245283,0.769230769,0.666666667,0.625,1,0.5,0, , , 
202341,0.517094017,0.489361702,0.542857143,0.533333333,0.8,0.333333333,0, , , , , 
202343,0.476190476,0.394736842,0.25,0, , , , , , , , 
202344,0.619047619,0.666666667,0.583333333,0.4375,0.333333333,1,0, , , , , 
202345,0, , , , , , , , , , , 
202347,0.4,0.444444444,1,1,1,0, , , , , , 
202348,0.503968254,0.572916667,0.571428571,0.578947368,0.75,0.6,1,1,0, , , 
202349,0.530805687,0.569767442,0.605263158,0.75,0.714285714,0, , , , , , 
202350,0.3125,0, , , , , , , , , , 
202361,0.315789474,0.2,0, , , , , , , , , 
202362,0.58974359,0.562043796,0.5,0.565217391,0.75,0.2,0, , , , , 
202363,0.321428571,0.125,0, , , , , , , , , 
202379,0.549618321,0.538461538,0.347826087,0.428571429,1,1,0, , , , , 
202380,0, , , , , , , , , , , 
202388,0.277777778,0.25,0, , , , , , , , , 
202389,0.607655502,0.536842105,0.463414634,0.75,0.25,1,0, , , , , 
202390,0.44966443,0.481481481,0.722222222,0.5,0.5,1,0, , , , , 
202391,0.556561086,0.537634409,0.540540541,0.411764706,0.8,0.666666667,1,0, , , , 
202397,0.397849462,0.428571429,0.272727273,1,1,0, , , , , , 
202399,0.547169811,0.456521739,0.642857143,0.285714286,0, , , , , , , 
202412,0.5,0.555555556,0.75,1,1,0, , , , , , 
202498,0, , , , , , , , , , , 
202620,0, , , , , , , , , , , 
202681,0.496296296,0.529411765,0.55,0.461538462,0.555555556,0.666666667,0, , , , , 
202682,0.458064516,0.433962264,0.25,0.5,1,0, , , , , , 
202683,0.630573248,0.643835616,0.583333333,0.625,0.666666667,0.625,1,0.5,0, , , 
202684,0.627819549,0.57480315,0.622641509,0.52,0.5,0.5,1,0, , , , 
202685,0.617100372,0.622047244,0.689655172,0.612903226,0.769230769,0.571428571,0.333333333,0, , , , 
202686,0.507462687,0.48,0.333333333,0, , , , , , , , 
202687,0.546875,0.392857143,0.444444444,1,0, , , , , , , 
202688,0.525862069,0.536764706,0.464285714,0.5,0.125,0, , , , , , 
202689,0.507374631,0.550387597,0.518518519,0.5,0.555555556,0.75,1,1,0, , , 
202690,0.457831325,0.551724138,0.583333333,0.6,0.5,0, , , , , , 
202691,0.541871921,0.50877193,0.567164179,0.620689655,0.692307692,0.8,0, , , , , 
202692,0.578397213,0.630252101,0.5,0.45,0.125,0, , , , , , 
202693,0.630363036,0.597222222,0.590909091,0.655172414,0.6,0.625,1,1,1,1,0, 
202694,0.585714286,0.516483516,0.416666667,0.333333333,0.333333333,0, , , , , , 
202695,0.672064777,0.598425197,0.637931034,0.703703704,0.692307692,0.5,0, , , , , 
202696,0.606177606,0.660869565,0.596491228,0.517241379,0.909090909,0.857142857,0.75,0.5,0, , , 
202697,0.463768116,0.446808511,0.235294118,0, , , , , , , , 
202698,0.3,0.2,0, , , , , , , , , 
202699,0.574380165,0.449541284,0.5,0.615384615,0.333333333,0, , , , , , 
202700,0.470588235,0.513513514,0.615384615,0.333333333,0, , , , , , , 
202702,0.67761194,0.680473373,0.670588235,0.6,0.789473684,0.7,0.4,0, , , , 
202704,0.508143322,0.538461538,0.510638298,0.470588235,0.142857143,0, , , , , , 
202705,0.545454545,0.578947368,0.75,0.75,0.5,0, , , , , , 
202706,0.365217391,0.454545455,0.545454545,0.5,0, , , , , , , 
202708,0.487179487,0.448275862,0.380952381,0.6,0, , , , , , , 
202709,0.451612903,0.314285714,0.5,0.333333333,0, , , , , , , 
202710,0.492610837,0.465753425,0.25,0.166666667,0, , , , , , , 
202713,0.487684729,0.527027027,0.5,0.272727273,0, , , , , , , 
202714,0.470588235,0.41509434,0.15,0.5,0, , , , , , , 
202718,0.590778098,0.585987261,0.637681159,0.636363636,0.588235294,0.857142857,0.6,1,1,0, , 
202719,0.613636364,0.523809524,0.625,0.666666667,0, , , , , , , 
202720,0.586956522,0.609756098,0.666666667,0.555555556,0.666666667,0, , , , , , 
202721,0.413793103,0.181818182,1,0, , , , , , , , 
202725,0.379310345,0.444444444,0.666666667,1,0, , , , , , , 
202730,0.444444444,0.305555556,0.3,1,1,0, , , , , , 
202732,0, , , , , , , , , , , 
202734,0.469387755,0.471698113,0.45,0.666666667,0.333333333,0, , , , , , 
202738,0.577903683,0.509433962,0.631578947,0.4,0.666666667,0.75,0.5,0, , , , 
202779,0.153846154,0, , , , , , , , , , 
202874,0.666666667,0.444444444,1,1,1,0, , , , , , 
202933,0.6,0.5,0, , , , , , , , , 
202952,0.6,0.5,0, , , , , , , , , 
202962,0.692307692,0.5,1,1,1,0, , , , , , 
202970,0.694444444,0.578947368,0.555555556,1,0.5,0, , , , , , 
203076,0.685185185,0.642105263,0.595505618,0.512820513,0.352941176,0.75,0.5,0, , , , 
203077,0.467741935,0.536585366,0.277777778,0.25,0, , , , , , , 
203078,0.554285714,0.517006803,0.50877193,0.416666667,0.714285714,0.666666667,0, , , , , 
203079,0.541033435,0.641221374,0.587301587,0.615384615,0.416666667,0.25,0, , , , , 
203080,0.548076923,0.465116279,0.428571429,0, , , , , , , , 
203081,0.494004796,0.466257669,0.6,0.461538462,0.625,0.25,0, , , , , 
203082,0.5,0.443181818,0.3125,0.428571429,0, , , , , , , 
203083,0.722063037,0.687830688,0.683673469,0.744680851,0.576923077,0.545454545,0.5,0, , , , 
203084,0.504901961,0.52,0.366666667,0.222222222,0, , , , , , , 
203085,0.468531469,0.346153846,0.2,0, , , , , , , , 
203086,0.40625,0.4,0.333333333,0, , , , , , , , 
203087,0.414634146,0.417910448,0.476190476,0.428571429,0, , , , , , , 
203088,0.448818898,0.291666667,0.5,0.25,0, , , , , , , 
203089,0.596774194,0.550458716,0.456521739,0.4375,0.4,0, , , , , , 
203090,0.456140351,0.482758621,0.333333333,0.666666667,0.666666667,1,0, , , , , 
203092,0.603603604,0.519230769,0.571428571,0.75,0.5,0, , , , , , 
203093,0.663194444,0.628378378,0.694444444,0.743589744,0.818181818,0.846153846,0.666666667,0.8,1,1,1,0
203094,0.442028986,0.510638298,0.526315789,0.714285714,0.5,1,0, , , , , 
203095,0.538922156,0.470588235,0.384615385,0.571428571,0.333333333,0, , , , , , 
203096,0.544827586,0.594827586,0.509433962,0.523809524,0.714285714,0.25,0, , , , , 
203098,0.384615385,0.666666667,0, , , , , , , , , 
203099,0, , , , , , , , , , , 
203100,0.473484848,0.46875,0.444444444,0.636363636,0.4,0, , , , , , 
203101,0.568075117,0.52173913,0.513513514,0.615384615,0.333333333,0, , , , , , 
203102,0.333333333,0, , , , , , , , , , 
203103,0.444444444,0.45,0.125,0, , , , , , , , 
203104,0.21875,0.166666667,0, , , , , , , , , 
203106,0.296875,0.1875,0, , , , , , , , , 
203108,0.375,0, , , , , , , , , , 
203109,0.504950495,0.578947368,0.6,0.285714286,0, , , , , , , 
203110,0.331081081,0.378378378,0.166666667,0, , , , , , , , 
203111,0.206896552,0.5,0, , , , , , , , , 
203112,0.458333333,0.294117647,0, , , , , , , , , 
203113,0.356164384,0.217391304,0.5,1,0, , , , , , , 
203114,0.519572954,0.508928571,0.56097561,0.411764706,0.166666667,0, , , , , , 
203115,0.4,0.3125,0.25,0, , , , , , , , 
203116,0.409090909,0.285714286,0, , , , , , , , , 
203117,0.326923077,0.461538462,0.4,1,0, , , , , , , 
203118,0.484581498,0.55952381,0.583333333,0.555555556,0.875,0.833333333,1,1,1,1,0, 
203120,0.5,0, , , , , , , , , , 
203121,0.421052632,0.421052632,0.5,0.5,0, , , , , , , 
203124,0.486486486,0.62962963,0.64,0.538461538,0.8,0.666666667,1,0, , , , 
203129,0, , , , , , , , , , , 
203133,0.326923077,0.133333333,0, , , , , , , , , 
203135,0.464285714,0.567567568,0.333333333,0.75,0.5,0, , , , , , 
203136,0.25,0, , , , , , , , , , 
203138,0.455223881,0.558139535,0.315789474,0.2,0, , , , , , , 
203139,0.142857143,0, , , , , , , , , , 
203141,0.451807229,0.589285714,0.56,0.545454545,0.75,0.5,0, , , , , 
203142,0.394736842,0.333333333,0.333333333,0, , , , , , , , 
203143,0.348484848,0.210526316,0, , , , , , , , , 
203144,0.322033898,0.117647059,0, , , , , , , , , 
203145,0.401709402,0.514285714,0.375,1,1,0, , , , , , 
203146,0, , , , , , , , , , , 
203148,0.486338798,0.417910448,0.25,0.4,1,0, , , , , , 
203156,0.514851485,0.58974359,0.555555556,0.555555556,1,1,1,1,0, , , 
203183,0.5,0, , , , , , , , , , 
203187,0.446153846,0.409090909,0.285714286,0, , , , , , , , 
203197,0.4,0.52,0.666666667,0.4,1,0, , , , , , 
203263,0.3,0, , , , , , , , , , 
203268,0.722222222,0.666666667,0.5,0, , , , , , , , 
203315,0.276595745,0.4,0.333333333,0, , , , , , , , 
203318,0.222222222,0, , , , , , , , , , 
203382,0.357142857,0.3125,0.25,0, , , , , , , , 
203458,0.384615385,0.428571429,0, , , , , , , , , 
203459,0.3,0.5,0, , , , , , , , , 
203460,0.296296296,0.333333333,0, , , , , , , , , 
203461,0.4375,0.631578947,0.3,0.5,0, , , , , , , 
203462,0.473684211,0.380952381,0.285714286,1,0, , , , , , , 
203463,0.467391304,0.378787879,0.238095238,0.25,0, , , , , , , 
203467,0.5,1,1,0, , , , , , , , 
203468,0.448275862,0.5,0.571428571,0.333333333,0, , , , , , , 
203469,0.5,0.34,0.416666667,0, , , , , , , , 
203471,0.352941176,0.058823529,0, , , , , , , , , 
203473,0.225806452,0, , , , , , , , , , 
203474,0, , , , , , , , , , , 
203476,0.460674157,0.515151515,0.818181818,0.5,0, , , , , , , 
203477,0.296296296,0.666666667,0.666666667,1,0, , , , , , , 
203479,0.454545455,0, , , , , , , , , , 
203480,0.666666667,0, , , , , , , , , , 
203481,0.452830189,0.4,0.8,0.333333333,0, , , , , , , 
203482,0.537142857,0.507042254,0.481481481,0.363636364,0.666666667,1,0, , , , , 
203484,0.5,0.377358491,0.5,0.166666667,0, , , , , , , 
203485,0.130434783,0, , , , , , , , , , 
203486,0.673469388,0.722222222,0.641025641,0.705882353,0.444444444,0.333333333,0, , , , , 
203487,0.49375,0.430894309,0.418604651,0.666666667,0.333333333,0, , , , , , 
203488,0.375,0.285714286,0, , , , , , , , , 
203489,0.404580153,0.395348837,0.538461538,0.5,1,1,0, , , , , 
203490,0.206896552,0.5,0, , , , , , , , , 
203491,0.266666667,0.333333333,0, , , , , , , , , 
203492,0.4625,0.225806452,0.166666667,0, , , , , , , , 
203493,0.314285714,0.333333333,0.5,0, , , , , , , , 
203495,0.2,0, , , , , , , , , , 
203496,0, , , , , , , , , , , 
203497,0.25,0.8,0.333333333,0, , , , , , , , 
203498,0.413043478,0.571428571,0.5,0.5,0, , , , , , , 
203499,0.30952381,0.3,0, , , , , , , , , 
203500,0.386666667,0.47826087,0.625,0.5,1,0, , , , , , 
203501,0.508849558,0.545454545,0.552631579,0.785714286,0.571428571,0, , , , , , 
203502,0, , , , , , , , , , , 
203503,0.4375,0.305555556,0.714285714,0.25,0, , , , , , , 
203504,0.471264368,0.5,0.416666667,0.454545455,0.25,0, , , , , , 
203505,0, , , , , , , , , , , 
203506,0.496527778,0.477477477,0.5,0.625,0.714285714,0.666666667,0, , , , , 
203507,0.384615385,0.209302326,0.285714286,0, , , , , , , , 
203508,0.2,0, , , , , , , , , , 
203513,0, , , , , , , , , , , 
203515,0.338709677,0.294117647,0.25,0, , , , , , , , 
203517,0.166666667,0, , , , , , , , , , 
203519,0.2,0, , , , , , , , , , 
203521,0.445652174,0.363636364,0.444444444,0.333333333,0, , , , , , , 
203524,0.5,0.2,0, , , , , , , , , 
203527,0.369747899,0.243243243,0.285714286,0, , , , , , , , 
203539,0.375,0.428571429,0.5,0, , , , , , , , 
203540,0.28,0.166666667,0, , , , , , , , , 
203543,0.5,0.470588235,0.142857143,0, , , , , , , , 
203544,0.381443299,0.5,0.666666667,1,0.666666667,0, , , , , , 
203545,0.5,0.5,0.5,0.666666667,1,0, , , , , , 
203546,0.227272727,0.25,0, , , , , , , , , 
203552,0, , , , , , , , , , , 
203561,0.380952381,0.384615385,0.666666667,0, , , , , , , , 
203569,0.142857143,0, , , , , , , , , , 
203584,0.666666667,0.833333333,0.75,1,1,0, , , , , , 
203810,0.615384615,0.6,0, , , , , , , , , 
